timestamp,redemption_tickets,sales_tickets
2015-01-01,49,54
2015-01-02,41,44
2015-01-03,56,43
2015-01-04,50,42
2015-01-05,48,45
2015-01-06,51,45
2015-01-07,42,43
2015-01-08,49,58
2015-01-09,48,59
2015-01-10,56,58
2015-01-11,41,63
2015-01-12,46,52
2015-01-13,51,41
2015-01-14,52,51
2015-01-15,49,41
2015-01-16,46,52
2015-01-17,48,36
2015-01-18,47,51
2015-01-19,54,50
2015-01-20,45,50
2015-01-21,57,47
2015-01-22,41,55
2015-01-23,61,42
2015-01-24,42,46
2015-01-25,30,37
2015-01-26,43,44
2015-01-27,49,45
2015-01-28,42,42
2015-01-29,47,41
2015-01-30,43,50
2015-01-31,53,57
2015-02-01,56,42
2015-02-02,52,45
2015-02-03,56,47
2015-02-04,39,59
2015-02-05,52,53
2015-02-06,39,48
2015-02-07,54,49
2015-02-08,49,43
2015-02-09,50,49
2015-02-10,41,47
2015-02-11,46,54
2015-02-12,46,48
2015-02-13,52,66
2015-02-14,58,49
2015-02-15,51,48
2015-02-16,51,56
2015-02-17,41,66
2015-02-18,41,43
2015-02-19,45,55
2015-02-20,51,60
2015-02-21,37,51
2015-02-22,51,46
2015-02-23,45,48
2015-02-24,52,54
2015-02-25,55,48
2015-02-26,53,45
2015-02-27,59,57
2015-02-28,49,48
2015-03-01,44,43
2015-03-02,55,46
2015-03-03,45,61
2015-03-04,37,52
2015-03-05,53,59
2015-03-06,51,64
2015-03-07,60,50
2015-03-08,58,60
2015-03-09,40,40
2015-03-10,49,42
2015-03-11,52,48
2015-03-12,65,51
2015-03-13,50,56
2015-03-14,59,51
2015-03-15,37,48
2015-03-16,49,44
2015-03-17,42,62
2015-03-18,44,51
2015-03-19,50,51
2015-03-20,41,43
2015-03-21,47,40
2015-03-22,42,62
2015-03-23,56,58
2015-03-24,36,70
2015-03-25,41,37
2015-03-26,64,45
2015-03-27,44,41
2015-03-28,61,45
2015-03-29,55,53
2015-03-30,55,49
2015-03-31,42,40
2015-04-01,46,40
2015-04-02,45,51
2015-04-03,48,53
2015-04-04,42,45
2015-04-05,42,52
2015-04-06,44,49
2015-04-07,47,59
2015-04-08,59,57
2015-04-09,50,51
2015-04-10,42,45
2015-04-11,50,56
2015-04-12,30,54
2015-04-13,47,41
2015-04-14,43,48
2015-04-15,53,30
2015-04-16,45,45
2015-04-17,42,40
2015-04-18,40,57
2015-04-19,45,59
2015-04-20,51,50
2015-04-21,38,60
2015-04-22,43,52
2015-04-23,55,46
2015-04-24,42,48
2015-04-25,51,46
2015-04-26,41,46
2015-04-27,58,49
2015-04-28,54,48
2015-04-29,42,53
2015-04-30,43,47
2015-05-01,40,64
2015-05-02,43,47
2015-05-03,40,44
2015-05-04,37,55
2015-05-05,45,47
2015-05-06,46,41
2015-05-07,49,49
2015-05-08,55,46
2015-05-09,44,53
2015-05-10,55,47
2015-05-11,41,63
2015-05-12,49,53
2015-05-13,39,56
2015-05-14,57,58
2015-05-15,58,62
2015-05-16,40,55
2015-05-17,53,53
2015-05-18,47,40
2015-05-19,46,60
2015-05-20,47,50
2015-05-21,51,58
2015-05-22,50,50
2015-05-23,49,45
2015-05-24,58,48
2015-05-25,52,48
2015-05-26,61,57
2015-05-27,59,57
2015-05-28,44,53
2015-05-29,47,49
2015-05-30,52,36
2015-05-31,31,43
2015-06-01,50,54
2015-06-02,43,44
2015-06-03,53,52
2015-06-04,51,49
2015-06-05,53,56
2015-06-06,38,47
2015-06-07,58,41
2015-06-08,58,48
2015-06-09,34,46
2015-06-10,57,41
2015-06-11,48,51
2015-06-12,57,54
2015-06-13,51,43
2015-06-14,37,53
2015-06-15,48,65
2015-06-16,63,54
2015-06-17,43,59
2015-06-18,49,44
2015-06-19,46,52
2015-06-20,59,50
2015-06-21,40,45
2015-06-22,40,42
2015-06-23,47,44
2015-06-24,45,53
2015-06-25,34,61
2015-06-26,46,44
2015-06-27,52,54
2015-06-28,39,40
2015-06-29,56,51
2015-06-30,54,41
2015-07-01,55,52
2015-07-02,51,56
2015-07-03,45,44
2015-07-04,44,59
2015-07-05,45,43
2015-07-06,37,54
2015-07-07,53,48
2015-07-08,57,36
2015-07-09,54,57
2015-07-10,55,51
2015-07-11,44,43
2015-07-12,43,51
2015-07-13,54,55
2015-07-14,49,51
2015-07-15,57,63
2015-07-16,44,47
2015-07-17,42,60
2015-07-18,49,46
2015-07-19,50,44
2015-07-20,58,50
2015-07-21,54,49
2015-07-22,41,51
2015-07-23,48,55
2015-07-24,59,38
2015-07-25,53,39
2015-07-26,54,52
2015-07-27,36,45
2015-07-28,49,56
2015-07-29,51,50
2015-07-30,45,52
2015-07-31,52,51
2015-08-01,42,36
2015-08-02,46,56
2015-08-03,37,50
2015-08-04,48,60
2015-08-05,49,51
2015-08-06,36,61
2015-08-07,42,53
2015-08-08,51,52
2015-08-09,59,52
2015-08-10,39,41
2015-08-11,51,52
2015-08-12,40,49
2015-08-13,46,47
2015-08-14,50,44
2015-08-15,44,46
2015-08-16,56,64
2015-08-17,43,37
2015-08-18,49,44
2015-08-19,52,57
2015-08-20,39,49
2015-08-21,41,33
2015-08-22,41,50
2015-08-23,52,65
2015-08-24,44,53
2015-08-25,51,47
2015-08-26,46,52
2015-08-27,44,41
2015-08-28,50,39
2015-08-29,44,43
2015-08-30,57,58
2015-08-31,39,52
2015-09-01,34,52
2015-09-02,41,50
2015-09-03,45,50
2015-09-04,49,47
2015-09-05,54,41
2015-09-06,52,41
2015-09-07,52,47
2015-09-08,53,53
2015-09-09,49,42
2015-09-10,47,50
2015-09-11,47,59
2015-09-12,52,44
2015-09-13,47,51
2015-09-14,48,46
2015-09-15,43,37
2015-09-16,49,38
2015-09-17,43,41
2015-09-18,41,51
2015-09-19,50,63
2015-09-20,47,56
2015-09-21,55,42
2015-09-22,56,46
2015-09-23,69,62
2015-09-24,49,54
2015-09-25,46,49
2015-09-26,47,47
2015-09-27,43,52
2015-09-28,51,54
2015-09-29,46,42
2015-09-30,54,58
2015-10-01,28,54
2015-10-02,56,52
2015-10-03,48,60
2015-10-04,47,50
2015-10-05,59,44
2015-10-06,59,45
2015-10-07,40,48
2015-10-08,36,46
2015-10-09,44,50
2015-10-10,43,63
2015-10-11,47,36
2015-10-12,58,56
2015-10-13,53,51
2015-10-14,62,47
2015-10-15,54,42
2015-10-16,51,52
2015-10-17,43,45
2015-10-18,50,35
2015-10-19,52,52
2015-10-20,57,37
2015-10-21,50,55
2015-10-22,48,47
2015-10-23,44,40
2015-10-24,46,42
2015-10-25,54,50
2015-10-26,46,44
2015-10-27,65,35
2015-10-28,65,49
2015-10-29,54,40
2015-10-30,44,40
2015-10-31,50,53
2015-11-01,45,61
2015-11-02,56,60
2015-11-03,52,55
2015-11-04,50,50
2015-11-05,42,53
2015-11-06,51,36
2015-11-07,50,57
2015-11-08,49,50
2015-11-09,40,49
2015-11-10,44,44
2015-11-11,51,49
2015-11-12,61,48
2015-11-13,37,49
2015-11-14,51,54
2015-11-15,45,58
2015-11-16,50,42
2015-11-17,57,54
2015-11-18,57,40
2015-11-19,36,56
2015-11-20,43,50
2015-11-21,54,50
2015-11-22,43,54
2015-11-23,51,39
2015-11-24,38,46
2015-11-25,45,58
2015-11-26,55,48
2015-11-27,54,58
2015-11-28,47,57
2015-11-29,42,46
2015-11-30,49,55
2015-12-01,51,63
2015-12-02,38,51
2015-12-03,41,45
2015-12-04,49,45
2015-12-05,49,70
2015-12-06,46,57
2015-12-07,54,47
2015-12-08,50,48
2015-12-09,44,50
2015-12-10,43,50
2015-12-11,57,51
2015-12-12,50,39
2015-12-13,49,52
2015-12-14,54,41
2015-12-15,51,44
2015-12-16,50,53
2015-12-17,42,48
2015-12-18,56,57
2015-12-19,37,52
2015-12-20,54,53
2015-12-21,42,68
2015-12-22,47,46
2015-12-23,45,52
2015-12-24,45,56
2015-12-25,50,58
2015-12-26,50,46
2015-12-27,58,30
2015-12-28,52,33
2015-12-29,43,59
2015-12-30,51,57
2015-12-31,48,49
2016-01-01,47,48
2016-01-02,47,42
2016-01-03,52,38
2016-01-04,57,44
2016-01-05,40,49
2016-01-06,53,60
2016-01-07,47,61
2016-01-08,59,54
2016-01-09,50,42
2016-01-10,65,56
2016-01-11,52,42
2016-01-12,62,54
2016-01-13,54,46
2016-01-14,43,49
2016-01-15,51,41
2016-01-16,47,54
2016-01-17,51,53
2016-01-18,55,58
2016-01-19,50,38
2016-01-20,50,56
2016-01-21,39,40
2016-01-22,59,46
2016-01-23,45,50
2016-01-24,44,46
2016-01-25,44,50
2016-01-26,39,48
2016-01-27,52,47
2016-01-28,39,45
2016-01-29,42,49
2016-01-30,46,63
2016-01-31,51,34
2016-02-01,43,61
2016-02-02,53,60
2016-02-03,55,49
2016-02-04,52,41
2016-02-05,42,45
2016-02-06,46,49
2016-02-07,47,47
2016-02-08,69,60
2016-02-09,60,43
2016-02-10,52,46
2016-02-11,46,57
2016-02-12,51,51
2016-02-13,48,57
2016-02-14,50,44
2016-02-15,46,43
2016-02-16,40,44
2016-02-17,55,47
2016-02-18,54,48
2016-02-19,42,46
2016-02-20,41,41
2016-02-21,53,41
2016-02-22,48,48
2016-02-23,48,53
2016-02-24,45,53
2016-02-25,55,42
2016-02-26,48,52
2016-02-27,44,49
2016-02-28,47,53
2016-02-29,43,45
2016-03-01,43,44
2016-03-02,50,48
2016-03-03,45,61
2016-03-04,41,44
2016-03-05,48,46
2016-03-06,55,43
2016-03-07,43,59
2016-03-08,58,50
2016-03-09,54,71
2016-03-10,50,54
2016-03-11,47,51
2016-03-12,52,46
2016-03-13,56,47
2016-03-14,53,49
2016-03-15,61,60
2016-03-16,47,44
2016-03-17,67,47
2016-03-18,47,50
2016-03-19,53,54
2016-03-20,45,54
2016-03-21,38,51
2016-03-22,43,57
2016-03-23,38,51
2016-03-24,57,46
2016-03-25,54,48
2016-03-26,49,46
2016-03-27,42,51
2016-03-28,44,47
2016-03-29,44,51
2016-03-30,54,58
2016-03-31,52,42
2016-04-01,45,50
2016-04-02,36,48
2016-04-03,42,50
2016-04-04,33,54
2016-04-05,46,42
2016-04-06,44,48
2016-04-07,32,45
2016-04-08,54,52
2016-04-09,40,52
2016-04-10,45,54
2016-04-11,52,51
2016-04-12,42,45
2016-04-13,52,58
2016-04-14,46,49
2016-04-15,75,53
2016-04-16,46,45
2016-04-17,46,40
2016-04-18,47,45
2016-04-19,60,50
2016-04-20,52,46
2016-04-21,55,49
2016-04-22,48,54
2016-04-23,37,50
2016-04-24,61,50
2016-04-25,43,44
2016-04-26,52,53
2016-04-27,49,56
2016-04-28,48,45
2016-04-29,44,54
2016-04-30,54,49
2016-05-01,48,40
2016-05-02,47,50
2016-05-03,32,39
2016-05-04,58,49
2016-05-05,50,38
2016-05-06,42,49
2016-05-07,51,46
2016-05-08,37,46
2016-05-09,34,48
2016-05-10,40,57
2016-05-11,42,54
2016-05-12,49,46
2016-05-13,58,42
2016-05-14,55,61
2016-05-15,38,51
2016-05-16,37,59
2016-05-17,59,46
2016-05-18,52,49
2016-05-19,41,60
2016-05-20,68,37
2016-05-21,42,53
2016-05-22,45,50
2016-05-23,46,58
2016-05-24,47,54
2016-05-25,64,44
2016-05-26,45,50
2016-05-27,45,44
2016-05-28,42,47
2016-05-29,49,52
2016-05-30,45,46
2016-05-31,45,49
2016-06-01,68,58
2016-06-02,61,44
2016-06-03,42,44
2016-06-04,48,48
2016-06-05,53,47
2016-06-06,43,47
2016-06-07,48,45
2016-06-08,56,59
2016-06-09,46,43
2016-06-10,53,49
2016-06-11,56,55
2016-06-12,48,45
2016-06-13,47,40
2016-06-14,57,59
2016-06-15,58,46
2016-06-16,54,65
2016-06-17,50,47
2016-06-18,50,33
2016-06-19,35,53
2016-06-20,46,44
2016-06-21,49,38
2016-06-22,47,50
2016-06-23,51,38
2016-06-24,42,39
2016-06-25,40,45
2016-06-26,45,40
2016-06-27,50,55
2016-06-28,53,46
2016-06-29,39,55
2016-06-30,48,57
2016-07-01,54,44
2016-07-02,36,51
2016-07-03,46,45
2016-07-04,49,50
2016-07-05,52,53
2016-07-06,51,43
2016-07-07,43,52
2016-07-08,41,45
2016-07-09,48,52
2016-07-10,45,47
2016-07-11,44,55
2016-07-12,47,47
2016-07-13,43,42
2016-07-14,42,50
2016-07-15,52,57
2016-07-16,56,43
2016-07-17,38,52
2016-07-18,47,58
2016-07-19,44,38
2016-07-20,51,50
2016-07-21,52,62
2016-07-22,36,62
2016-07-23,49,65
2016-07-24,46,44
2016-07-25,55,49
2016-07-26,46,41
2016-07-27,33,42
2016-07-28,55,45
2016-07-29,49,44
2016-07-30,42,53
2016-07-31,48,30
2016-08-01,55,57
2016-08-02,45,59
2016-08-03,38,47
2016-08-04,56,63
2016-08-05,51,45
2016-08-06,48,50
2016-08-07,31,55
2016-08-08,43,40
2016-08-09,39,52
2016-08-10,42,57
2016-08-11,58,66
2016-08-12,51,50
2016-08-13,54,44
2016-08-14,45,45
2016-08-15,66,40
2016-08-16,50,33
2016-08-17,51,48
2016-08-18,33,57
2016-08-19,48,53
2016-08-20,59,61
2016-08-21,55,53
2016-08-22,40,49
2016-08-23,46,53
2016-08-24,59,44
2016-08-25,45,40
2016-08-26,60,46
2016-08-27,44,47
2016-08-28,63,42
2016-08-29,48,49
2016-08-30,53,43
2016-08-31,51,50
2016-09-01,52,63
2016-09-02,43,49
2016-09-03,49,65
2016-09-04,46,48
2016-09-05,37,50
2016-09-06,42,50
2016-09-07,49,41
2016-09-08,49,51
2016-09-09,40,53
2016-09-10,59,53
2016-09-11,53,39
2016-09-12,49,48
2016-09-13,43,37
2016-09-14,58,66
2016-09-15,48,52
2016-09-16,50,54
2016-09-17,40,47
2016-09-18,38,50
2016-09-19,55,48
2016-09-20,46,46
2016-09-21,48,47
2016-09-22,50,66
2016-09-23,53,48
2016-09-24,43,54
2016-09-25,45,50
2016-09-26,51,54
2016-09-27,50,56
2016-09-28,39,41
2016-09-29,55,39
2016-09-30,54,43
2016-10-01,62,56
2016-10-02,37,59
2016-10-03,53,48
2016-10-04,34,68
2016-10-05,54,50
2016-10-06,53,48
2016-10-07,47,42
2016-10-08,52,51
2016-10-09,51,35
2016-10-10,46,52
2016-10-11,59,44
2016-10-12,63,52
2016-10-13,41,52
2016-10-14,50,51
2016-10-15,47,51
2016-10-16,49,53
2016-10-17,43,42
2016-10-18,43,49
2016-10-19,41,51
2016-10-20,42,59
2016-10-21,39,50
2016-10-22,45,48
2016-10-23,40,45
2016-10-24,41,55
2016-10-25,39,48
2016-10-26,48,42
2016-10-27,45,58
2016-10-28,53,48
2016-10-29,48,44
2016-10-30,39,50
2016-10-31,46,52
2016-11-01,63,63
2016-11-02,40,48
2016-11-03,38,35
2016-11-04,47,52
2016-11-05,45,47
2016-11-06,45,54
2016-11-07,50,49
2016-11-08,54,43
2016-11-09,49,57
2016-11-10,41,53
2016-11-11,44,50
2016-11-12,70,54
2016-11-13,52,46
2016-11-14,68,54
2016-11-15,40,50
2016-11-16,37,59
2016-11-17,40,54
2016-11-18,55,45
2016-11-19,48,47
2016-11-20,43,56
2016-11-21,38,56
2016-11-22,55,55
2016-11-23,36,38
2016-11-24,56,54
2016-11-25,45,39
2016-11-26,51,56
2016-11-27,43,51
2016-11-28,42,43
2016-11-29,47,50
2016-11-30,43,53
2016-12-01,48,53
2016-12-02,38,44
2016-12-03,51,48
2016-12-04,48,42
2016-12-05,41,37
2016-12-06,55,57
2016-12-07,40,43
2016-12-08,69,53
2016-12-09,58,50
2016-12-10,39,53
2016-12-11,40,46
2016-12-12,61,45
2016-12-13,44,57
2016-12-14,57,60
2016-12-15,43,46
2016-12-16,49,45
2016-12-17,45,52
2016-12-18,39,53
2016-12-19,59,40
2016-12-20,46,52
2016-12-21,56,44
2016-12-22,46,44
2016-12-23,51,48
2016-12-24,46,50
2016-12-25,46,43
2016-12-26,61,55
2016-12-27,62,58
2016-12-28,57,48
2016-12-29,48,40
2016-12-30,55,51
2016-12-31,52,41
2017-01-01,43,53
2017-01-02,38,62
2017-01-03,45,46
2017-01-04,59,58
2017-01-05,54,49
2017-01-06,45,42
2017-01-07,43,46
2017-01-08,46,46
2017-01-09,43,51
2017-01-10,46,44
2017-01-11,47,48
2017-01-12,67,52
2017-01-13,49,52
2017-01-14,46,47
2017-01-15,62,47
2017-01-16,48,48
2017-01-17,49,48
2017-01-18,54,56
2017-01-19,43,50
2017-01-20,48,42
2017-01-21,50,46
2017-01-22,46,50
2017-01-23,52,47
2017-01-24,39,49
2017-01-25,35,45
2017-01-26,41,51
2017-01-27,48,49
2017-01-28,52,52
2017-01-29,56,53
2017-01-30,39,48
2017-01-31,43,42
2017-02-01,53,48
2017-02-02,47,38
2017-02-03,49,56
2017-02-04,53,53
2017-02-05,44,59
2017-02-06,48,46
2017-02-07,48,48
2017-02-08,43,56
2017-02-09,45,56
2017-02-10,55,57
2017-02-11,52,45
2017-02-12,40,44
2017-02-13,47,42
2017-02-14,44,42
2017-02-15,42,50
2017-02-16,36,55
2017-02-17,46,43
2017-02-18,45,53
2017-02-19,60,48
2017-02-20,45,50
2017-02-21,48,48
2017-02-22,59,52
2017-02-23,53,54
2017-02-24,56,56
2017-02-25,58,43
2017-02-26,50,45
2017-02-27,40,39
2017-02-28,48,44
2017-03-01,66,48
2017-03-02,45,50
2017-03-03,39,47
2017-03-04,40,45
2017-03-05,45,47
2017-03-06,40,56
2017-03-07,40,55
2017-03-08,42,53
2017-03-09,49,44
2017-03-10,55,60
2017-03-11,53,54
2017-03-12,54,53
2017-03-13,62,40
2017-03-14,59,49
2017-03-15,49,52
2017-03-16,41,44
2017-03-17,55,51
2017-03-18,54,50
2017-03-19,38,62
2017-03-20,46,44
2017-03-21,38,45
2017-03-22,59,46
2017-03-23,41,62
2017-03-24,48,60
2017-03-25,46,50
2017-03-26,53,50
2017-03-27,48,56
2017-03-28,46,58
2017-03-29,48,53
2017-03-30,52,50
2017-03-31,55,50
2017-04-01,38,43
2017-04-02,51,44
2017-04-03,56,44
2017-04-04,49,55
2017-04-05,39,45
2017-04-06,46,47
2017-04-07,46,46
2017-04-08,48,48
2017-04-09,44,46
2017-04-10,42,46
2017-04-11,50,44
2017-04-12,61,57
2017-04-13,36,57
2017-04-14,59,43
2017-04-15,39,53
2017-04-16,47,58
2017-04-17,55,39
2017-04-18,51,35
2017-04-19,44,44
2017-04-20,40,50
2017-04-21,30,49
2017-04-22,48,56
2017-04-23,47,51
2017-04-24,61,50
2017-04-25,41,45
2017-04-26,54,44
2017-04-27,50,47
2017-04-28,49,51
2017-04-29,54,42
2017-04-30,47,43
2017-05-01,45,47
2017-05-02,42,42
2017-05-03,33,51
2017-05-04,35,46
2017-05-05,50,45
2017-05-06,52,40
2017-05-07,38,55
2017-05-08,39,42
2017-05-09,49,45
2017-05-10,48,47
2017-05-11,56,54
2017-05-12,60,56
2017-05-13,55,49
2017-05-14,43,47
2017-05-15,51,46
2017-05-16,58,56
2017-05-17,47,51
2017-05-18,43,59
2017-05-19,40,50
2017-05-20,52,55
2017-05-21,50,42
2017-05-22,62,35
2017-05-23,33,59
2017-05-24,45,40
2017-05-25,41,46
2017-05-26,43,53
2017-05-27,48,56
2017-05-28,45,49
2017-05-29,44,40
2017-05-30,66,52
2017-05-31,66,50
2017-06-01,58,49
2017-06-02,56,55
2017-06-03,49,51
2017-06-04,47,53
2017-06-05,43,47
2017-06-06,45,44
2017-06-07,52,52
2017-06-08,62,46
2017-06-09,44,61
2017-06-10,48,42
2017-06-11,61,48
2017-06-12,44,46
2017-06-13,51,44
2017-06-14,41,53
2017-06-15,48,41
2017-06-16,50,47
2017-06-17,33,52
2017-06-18,42,33
2017-06-19,41,43
2017-06-20,28,48
2017-06-21,59,61
2017-06-22,44,55
2017-06-23,55,37
2017-06-24,56,65
2017-06-25,51,49
2017-06-26,49,46
2017-06-27,51,55
2017-06-28,53,46
2017-06-29,42,48
2017-06-30,39,53
2017-07-01,49,50
2017-07-02,42,47
2017-07-03,41,36
2017-07-04,49,53
2017-07-05,45,57
2017-07-06,47,36
2017-07-07,52,60
2017-07-08,51,40
2017-07-09,47,33
2017-07-10,55,58
2017-07-11,37,48
2017-07-12,41,45
2017-07-13,41,53
2017-07-14,57,40
2017-07-15,37,45
2017-07-16,51,51
2017-07-17,45,38
2017-07-18,45,53
2017-07-19,43,57
2017-07-20,60,59
2017-07-21,53,48
2017-07-22,45,57
2017-07-23,48,37
2017-07-24,51,50
2017-07-25,48,58
2017-07-26,42,62
2017-07-27,57,46
2017-07-28,35,68
2017-07-29,53,51
2017-07-30,53,56
2017-07-31,44,43
2017-08-01,40,38
2017-08-02,48,53
2017-08-03,55,50
2017-08-04,49,41
2017-08-05,45,56
2017-08-06,52,46
2017-08-07,47,68
2017-08-08,39,57
2017-08-09,52,47
2017-08-10,46,49
2017-08-11,43,36
2017-08-12,48,43
2017-08-13,58,48
2017-08-14,57,44
2017-08-15,58,55
2017-08-16,51,39
2017-08-17,41,49
2017-08-18,36,53
2017-08-19,41,43
2017-08-20,48,58
2017-08-21,49,40
2017-08-22,47,43
2017-08-23,38,59
2017-08-24,43,59
2017-08-25,45,51
2017-08-26,50,42
2017-08-27,54,38
2017-08-28,48,55
2017-08-29,66,45
2017-08-30,41,46
2017-08-31,50,45
2017-09-01,43,57
2017-09-02,57,43
2017-09-03,67,53
2017-09-04,42,46
2017-09-05,47,49
2017-09-06,51,44
2017-09-07,47,51
2017-09-08,44,47
2017-09-09,49,53
2017-09-10,40,43
2017-09-11,48,47
2017-09-12,42,53
2017-09-13,42,48
2017-09-14,47,57
2017-09-15,56,58
2017-09-16,43,43
2017-09-17,50,52
2017-09-18,41,45
2017-09-19,55,49
2017-09-20,56,47
2017-09-21,52,53
2017-09-22,42,51
2017-09-23,54,47
2017-09-24,51,50
2017-09-25,55,51
2017-09-26,53,41
2017-09-27,28,52
2017-09-28,47,54
2017-09-29,42,53
2017-09-30,51,54
2017-10-01,60,45
2017-10-02,53,45
2017-10-03,68,44
2017-10-04,49,42
2017-10-05,44,53
2017-10-06,35,48
2017-10-07,65,48
2017-10-08,56,45
2017-10-09,48,35
2017-10-10,45,45
2017-10-11,43,50
2017-10-12,41,49
2017-10-13,45,35
2017-10-14,47,42
2017-10-15,48,51
2017-10-16,49,54
2017-10-17,42,36
2017-10-18,47,47
2017-10-19,49,45
2017-10-20,54,51
2017-10-21,60,56
2017-10-22,44,48
2017-10-23,56,42
2017-10-24,40,45
2017-10-25,47,46
2017-10-26,50,39
2017-10-27,41,41
2017-10-28,49,48
2017-10-29,60,39
2017-10-30,51,43
2017-10-31,47,48
2017-11-01,48,54
2017-11-02,53,50
2017-11-03,44,50
2017-11-04,44,55
2017-11-05,49,45
2017-11-06,40,36
2017-11-07,42,51
2017-11-08,40,63
2017-11-09,57,55
2017-11-10,42,49
2017-11-11,52,49
2017-11-12,54,49
2017-11-13,47,46
2017-11-14,50,43
2017-11-15,51,43
2017-11-16,50,42
2017-11-17,53,40
2017-11-18,46,45
2017-11-19,42,51
2017-11-20,49,48
2017-11-21,42,35
2017-11-22,47,50
2017-11-23,45,44
2017-11-24,53,55
2017-11-25,46,43
2017-11-26,49,56
2017-11-27,56,67
2017-11-28,49,51
2017-11-29,58,48
2017-11-30,49,46
2017-12-01,63,53
2017-12-02,40,54
2017-12-03,38,42
2017-12-04,36,41
2017-12-05,36,54
2017-12-06,50,45
2017-12-07,39,45
2017-12-08,58,49
2017-12-09,51,54
2017-12-10,51,65
2017-12-11,51,37
2017-12-12,58,54
2017-12-13,40,45
2017-12-14,56,46
2017-12-15,46,42
2017-12-16,55,51
2017-12-17,51,51
2017-12-18,37,34
2017-12-19,45,41
2017-12-20,50,56
2017-12-21,50,38
2017-12-22,50,47
2017-12-23,44,57
2017-12-24,55,46
2017-12-25,56,49
2017-12-26,43,54
2017-12-27,60,38
2017-12-28,46,53
2017-12-29,46,56
2017-12-30,53,37
2017-12-31,51,56
2018-01-01,50,51
2018-01-02,53,50
2018-01-03,57,42
2018-01-04,41,56
2018-01-05,44,59
2018-01-06,32,42
2018-01-07,49,54
2018-01-08,55,53
2018-01-09,38,45
2018-01-10,51,42
2018-01-11,41,53
2018-01-12,42,46
2018-01-13,47,35
2018-01-14,57,38
2018-01-15,44,46
2018-01-16,50,57
2018-01-17,61,49
2018-01-18,42,48
2018-01-19,39,51
2018-01-20,43,43
2018-01-21,39,51
2018-01-22,38,64
2018-01-23,58,54
2018-01-24,55,50
2018-01-25,46,56
2018-01-26,39,52
2018-01-27,50,41
2018-01-28,48,42
2018-01-29,42,43
2018-01-30,35,37
2018-01-31,60,60
2018-02-01,40,45
2018-02-02,48,43
2018-02-03,41,49
2018-02-04,50,55
2018-02-05,47,61
2018-02-06,42,44
2018-02-07,59,47
2018-02-08,44,58
2018-02-09,43,58
2018-02-10,31,49
2018-02-11,64,56
2018-02-12,54,50
2018-02-13,54,48
2018-02-14,59,54
2018-02-15,47,44
2018-02-16,48,54
2018-02-17,46,44
2018-02-18,47,59
2018-02-19,48,54
2018-02-20,39,57
2018-02-21,53,46
2018-02-22,52,51
2018-02-23,37,54
2018-02-24,36,44
2018-02-25,43,53
2018-02-26,45,52
2018-02-27,46,50
2018-02-28,50,51
2018-03-01,47,48
2018-03-02,35,53
2018-03-03,43,53
2018-03-04,55,60
2018-03-05,33,63
2018-03-06,43,49
2018-03-07,50,49
2018-03-08,48,56
2018-03-09,51,37
2018-03-10,50,55
2018-03-11,61,40
2018-03-12,45,57
2018-03-13,49,47
2018-03-14,49,43
2018-03-15,54,50
2018-03-16,46,45
2018-03-17,49,45
2018-03-18,53,46
2018-03-19,48,49
2018-03-20,53,43
2018-03-21,65,65
2018-03-22,31,49
2018-03-23,61,40
2018-03-24,40,54
2018-03-25,48,43
2018-03-26,47,45
2018-03-27,41,52
2018-03-28,49,41
2018-03-29,53,52
2018-03-30,59,51
2018-03-31,58,44
2018-04-01,54,43
2018-04-02,52,56
2018-04-03,36,41
2018-04-04,55,52
2018-04-05,58,47
2018-04-06,44,52
2018-04-07,41,49
2018-04-08,40,56
2018-04-09,47,46
2018-04-10,44,57
2018-04-11,40,58
2018-04-12,45,46
2018-04-13,62,60
2018-04-14,44,40
2018-04-15,54,61
2018-04-16,45,42
2018-04-17,51,43
2018-04-18,40,48
2018-04-19,56,39
2018-04-20,41,43
2018-04-21,66,47
2018-04-22,46,44
2018-04-23,49,44
2018-04-24,69,50
2018-04-25,42,38
2018-04-26,48,41
2018-04-27,44,42
2018-04-28,49,50
2018-04-29,41,51
2018-04-30,57,50
2018-05-01,44,57
2018-05-02,40,52
2018-05-03,50,39
2018-05-04,52,44
2018-05-05,56,50
2018-05-06,46,43
2018-05-07,59,45
2018-05-08,45,44
2018-05-09,38,64
2018-05-10,44,42
2018-05-11,49,50
2018-05-12,43,54
2018-05-13,41,48
2018-05-14,42,42
2018-05-15,54,37
2018-05-16,44,55
2018-05-17,45,51
2018-05-18,48,58
2018-05-19,36,58
2018-05-20,39,59
2018-05-21,32,52
2018-05-22,43,55
2018-05-23,60,52
2018-05-24,42,48
2018-05-25,49,59
2018-05-26,47,51
2018-05-27,56,50
2018-05-28,48,48
2018-05-29,49,54
2018-05-30,44,56
2018-05-31,31,50
2018-06-01,48,50
2018-06-02,43,44
2018-06-03,51,42
2018-06-04,44,43
2018-06-05,55,54
2018-06-06,39,59
2018-06-07,46,54
2018-06-08,57,47
2018-06-09,49,46
2018-06-10,43,57
2018-06-11,46,63
2018-06-12,52,43
2018-06-13,50,51
2018-06-14,51,52
2018-06-15,48,48
2018-06-16,42,60
2018-06-17,57,36
2018-06-18,52,43
2018-06-19,44,52
2018-06-20,45,36
2018-06-21,47,55
2018-06-22,51,41
2018-06-23,51,47
2018-06-24,46,49
2018-06-25,46,45
2018-06-26,53,53
2018-06-27,48,49
2018-06-28,40,41
2018-06-29,61,45
2018-06-30,51,50
2018-07-01,44,60
2018-07-02,54,44
2018-07-03,54,56
2018-07-04,47,45
2018-07-05,38,44
2018-07-06,38,51
2018-07-07,58,48
2018-07-08,53,49
2018-07-09,53,51
2018-07-10,49,51
2018-07-11,52,61
2018-07-12,48,46
2018-07-13,58,50
2018-07-14,46,54
2018-07-15,39,53
2018-07-16,39,54
2018-07-17,46,42
2018-07-18,50,48
2018-07-19,55,47
2018-07-20,42,45
2018-07-21,36,46
2018-07-22,52,57
2018-07-23,55,46
2018-07-24,41,36
2018-07-25,45,57
2018-07-26,48,53
2018-07-27,44,52
2018-07-28,50,52
2018-07-29,44,49
2018-07-30,47,54
2018-07-31,42,52
2018-08-01,49,48
2018-08-02,52,55
2018-08-03,44,46
2018-08-04,43,52
2018-08-05,46,40
2018-08-06,47,51
2018-08-07,32,52
2018-08-08,59,57
2018-08-09,51,53
2018-08-10,36,47
2018-08-11,50,51
2018-08-12,37,45
2018-08-13,55,47
2018-08-14,32,57
2018-08-15,56,43
2018-08-16,52,40
2018-08-17,56,46
2018-08-18,59,51
2018-08-19,48,42
2018-08-20,47,61
2018-08-21,45,49
2018-08-22,33,51
2018-08-23,35,53
2018-08-24,40,49
2018-08-25,44,55
2018-08-26,44,53
2018-08-27,52,33
2018-08-28,51,58
2018-08-29,46,52
2018-08-30,44,49
2018-08-31,36,54
2018-09-01,39,49
2018-09-02,66,52
2018-09-03,47,52
2018-09-04,49,39
2018-09-05,46,44
2018-09-06,53,56
2018-09-07,49,53
2018-09-08,55,43
2018-09-09,49,35
2018-09-10,47,47
2018-09-11,57,52
2018-09-12,56,45
2018-09-13,48,62
2018-09-14,50,57
2018-09-15,49,53
2018-09-16,47,50
2018-09-17,43,52
2018-09-18,48,46
2018-09-19,33,39
2018-09-20,41,53
2018-09-21,45,48
2018-09-22,47,51
2018-09-23,43,57
2018-09-24,52,50
2018-09-25,48,47
2018-09-26,40,52
2018-09-27,47,40
2018-09-28,50,40
2018-09-29,51,51
2018-09-30,67,32
2018-10-01,52,37
2018-10-02,50,57
2018-10-03,39,52
2018-10-04,44,49
2018-10-05,42,45
2018-10-06,57,47
2018-10-07,48,58
2018-10-08,48,38
2018-10-09,50,39
2018-10-10,46,48
2018-10-11,43,39
2018-10-12,45,52
2018-10-13,47,56
2018-10-14,37,50
2018-10-15,63,52
2018-10-16,66,49
2018-10-17,51,44
2018-10-18,50,42
2018-10-19,49,53
2018-10-20,43,42
2018-10-21,48,40
2018-10-22,45,51
2018-10-23,54,44
2018-10-24,56,44
2018-10-25,48,49
2018-10-26,50,45
2018-10-27,59,57
2018-10-28,49,47
2018-10-29,34,50
2018-10-30,41,49
2018-10-31,63,61
2018-11-01,42,41
2018-11-02,53,48
2018-11-03,47,50
2018-11-04,52,50
2018-11-05,48,46
2018-11-06,37,46
2018-11-07,47,38
2018-11-08,42,42
2018-11-09,45,57
2018-11-10,49,38
2018-11-11,42,37
2018-11-12,57,47
2018-11-13,57,38
2018-11-14,51,52
2018-11-15,31,49
2018-11-16,50,59
2018-11-17,43,55
2018-11-18,49,59
2018-11-19,47,45
2018-11-20,58,54
2018-11-21,49,67
2018-11-22,55,56
2018-11-23,44,37
2018-11-24,48,46
2018-11-25,43,49
2018-11-26,59,48
2018-11-27,42,37
2018-11-28,53,60
2018-11-29,48,50
2018-11-30,43,38
2018-12-01,44,42
2018-12-02,49,46
2018-12-03,45,44
2018-12-04,55,51
2018-12-05,41,44
2018-12-06,52,43
2018-12-07,52,48
2018-12-08,50,55
2018-12-09,53,49
2018-12-10,48,49
2018-12-11,46,50
2018-12-12,48,63
2018-12-13,58,51
2018-12-14,49,40
2018-12-15,43,42
2018-12-16,50,34
2018-12-17,56,60
2018-12-18,54,42
2018-12-19,58,58
2018-12-20,45,46
2018-12-21,55,47
2018-12-22,38,56
2018-12-23,42,52
2018-12-24,52,43
2018-12-25,53,51
2018-12-26,42,36
2018-12-27,53,53
2018-12-28,42,46
2018-12-29,50,43
2018-12-30,44,39
2018-12-31,35,51
2019-01-01,41,49
2019-01-02,54,64
2019-01-03,56,47
2019-01-04,42,43
2019-01-05,38,54
2019-01-06,52,66
2019-01-07,49,55
2019-01-08,46,52
2019-01-09,45,45
2019-01-10,45,41
2019-01-11,50,39
2019-01-12,44,56
2019-01-13,51,54
2019-01-14,48,57
2019-01-15,42,38
2019-01-16,43,46
2019-01-17,63,47
2019-01-18,45,64
2019-01-19,42,62
2019-01-20,53,55
2019-01-21,53,49
2019-01-22,43,65
2019-01-23,42,51
2019-01-24,64,51
2019-01-25,44,48
2019-01-26,56,48
2019-01-27,42,44
2019-01-28,47,41
2019-01-29,51,41
2019-01-30,44,50
2019-01-31,41,44
2019-02-01,50,49
2019-02-02,62,42
2019-02-03,52,52
2019-02-04,47,57
2019-02-05,45,46
2019-02-06,46,54
2019-02-07,63,55
2019-02-08,49,64
2019-02-09,37,43
2019-02-10,50,46
2019-02-11,50,49
2019-02-12,43,63
2019-02-13,49,48
2019-02-14,65,33
2019-02-15,50,56
2019-02-16,46,57
2019-02-17,37,46
2019-02-18,48,46
2019-02-19,50,52
2019-02-20,56,53
2019-02-21,46,64
2019-02-22,50,39
2019-02-23,39,52
2019-02-24,44,44
2019-02-25,53,47
2019-02-26,44,43
2019-02-27,44,64
2019-02-28,59,56
2019-03-01,38,45
2019-03-02,46,51
2019-03-03,45,59
2019-03-04,51,45
2019-03-05,64,50
2019-03-06,40,58
2019-03-07,47,60
2019-03-08,49,49
2019-03-09,43,64
2019-03-10,48,47
2019-03-11,53,46
2019-03-12,48,65
2019-03-13,46,53
2019-03-14,32,39
2019-03-15,53,63
2019-03-16,51,43
2019-03-17,47,57
2019-03-18,45,71
2019-03-19,44,53
2019-03-20,46,35
2019-03-21,58,53
2019-03-22,53,42
2019-03-23,49,46
2019-03-24,50,49
2019-03-25,48,51
2019-03-26,51,60
2019-03-27,41,56
2019-03-28,50,62
2019-03-29,47,48
2019-03-30,65,56
2019-03-31,59,38
2019-04-01,48,40
2019-04-02,41,37
2019-04-03,41,52
2019-04-04,47,47
2019-04-05,50,46
2019-04-06,47,39
2019-04-07,47,40
2019-04-08,49,57
2019-04-09,52,47
2019-04-10,61,40
2019-04-11,52,56
2019-04-12,36,50
2019-04-13,65,48
2019-04-14,45,47
2019-04-15,37,45
2019-04-16,39,50
2019-04-17,56,49
2019-04-18,46,38
2019-04-19,48,48
2019-04-20,51,56
2019-04-21,41,50
2019-04-22,53,49
2019-04-23,57,57
2019-04-24,48,55
2019-04-25,51,49
2019-04-26,50,44
2019-04-27,47,50
2019-04-28,46,32
2019-04-29,59,51
2019-04-30,50,54
2019-05-01,51,41
2019-05-02,66,39
2019-05-03,42,67
2019-05-04,49,48
2019-05-05,47,38
2019-05-06,53,58
2019-05-07,59,55
2019-05-08,53,37
2019-05-09,47,54
2019-05-10,59,49
2019-05-11,45,48
2019-05-12,34,57
2019-05-13,58,60
2019-05-14,45,63
2019-05-15,49,42
2019-05-16,47,46
2019-05-17,51,43
2019-05-18,55,50
2019-05-19,53,47
2019-05-20,46,42
2019-05-21,52,51
2019-05-22,49,48
2019-05-23,51,59
2019-05-24,43,55
2019-05-25,40,42
2019-05-26,53,50
2019-05-27,55,47
2019-05-28,43,54
2019-05-29,53,50
2019-05-30,61,36
2019-05-31,40,46
2019-06-01,39,44
2019-06-02,41,42
2019-06-03,41,56
2019-06-04,54,47
2019-06-05,51,39
2019-06-06,44,46
2019-06-07,36,62
2019-06-08,53,46
2019-06-09,42,53
2019-06-10,47,53
2019-06-11,51,39
2019-06-12,49,38
2019-06-13,56,54
2019-06-14,47,41
2019-06-15,42,57
2019-06-16,45,44
2019-06-17,42,43
2019-06-18,52,39
2019-06-19,46,59
2019-06-20,52,48
2019-06-21,43,45
2019-06-22,50,49
2019-06-23,40,50
2019-06-24,54,51
2019-06-25,54,60
2019-06-26,57,52
2019-06-27,50,44
2019-06-28,42,43
2019-06-29,46,56
2019-06-30,53,46
2019-07-01,48,49
2019-07-02,48,51
2019-07-03,50,53
2019-07-04,56,46
2019-07-05,59,52
2019-07-06,51,59
2019-07-07,57,43
2019-07-08,48,44
2019-07-09,50,45
2019-07-10,40,45
2019-07-11,50,39
2019-07-12,37,50
2019-07-13,37,47
2019-07-14,56,53
2019-07-15,51,47
2019-07-16,34,60
2019-07-17,50,64
2019-07-18,54,47
2019-07-19,45,52
2019-07-20,45,57
2019-07-21,44,58
2019-07-22,53,58
2019-07-23,51,52
2019-07-24,45,35
2019-07-25,49,36
2019-07-26,50,60
2019-07-27,48,49
2019-07-28,54,40
2019-07-29,58,43
2019-07-30,60,45
2019-07-31,35,44
2019-08-01,54,51
2019-08-02,52,45
2019-08-03,54,46
2019-08-04,48,61
2019-08-05,48,53
2019-08-06,30,43
2019-08-07,58,52
2019-08-08,46,49
2019-08-09,53,53
2019-08-10,52,56
2019-08-11,53,42
2019-08-12,37,54
2019-08-13,39,46
2019-08-14,56,51
2019-08-15,57,47
2019-08-16,52,54
2019-08-17,64,59
2019-08-18,41,36
2019-08-19,35,50
2019-08-20,43,51
2019-08-21,55,46
2019-08-22,45,51
2019-08-23,52,56
2019-08-24,52,51
2019-08-25,39,56
2019-08-26,44,46
2019-08-27,43,58
2019-08-28,38,49
2019-08-29,64,50
2019-08-30,48,53
2019-08-31,46,52
2019-09-01,59,63
2019-09-02,56,34
2019-09-03,49,53
2019-09-04,50,59
2019-09-05,46,49
2019-09-06,59,46
2019-09-07,63,49
2019-09-08,57,60
2019-09-09,55,55
2019-09-10,53,40
2019-09-11,55,57
2019-09-12,51,44
2019-09-13,47,33
2019-09-14,44,60
2019-09-15,47,44
2019-09-16,38,67
2019-09-17,55,45
2019-09-18,47,41
2019-09-19,57,64
2019-09-20,43,46
2019-09-21,47,51
2019-09-22,39,38
2019-09-23,50,42
2019-09-24,50,52
2019-09-25,46,50
2019-09-26,51,48
2019-09-27,50,38
2019-09-28,64,44
2019-09-29,54,48
2019-09-30,44,61
2019-10-01,54,66
2019-10-02,50,51
2019-10-03,57,40
2019-10-04,55,38
2019-10-05,51,39
2019-10-06,45,62
2019-10-07,45,55
2019-10-08,43,43
2019-10-09,56,50
2019-10-10,49,47
2019-10-11,46,45
2019-10-12,44,58
2019-10-13,45,43
2019-10-14,46,65
2019-10-15,59,48
2019-10-16,58,47
2019-10-17,58,52
2019-10-18,54,55
2019-10-19,50,43
2019-10-20,48,39
2019-10-21,51,48
2019-10-22,38,42
2019-10-23,51,42
2019-10-24,49,55
2019-10-25,62,57
2019-10-26,54,42
2019-10-27,42,52
2019-10-28,58,66
2019-10-29,55,51
2019-10-30,53,53
2019-10-31,51,44
2019-11-01,53,57
2019-11-02,46,56
2019-11-03,45,41
2019-11-04,51,57
2019-11-05,46,51
2019-11-06,52,51
2019-11-07,40,60
2019-11-08,43,51
2019-11-09,53,48
2019-11-10,50,51
2019-11-11,40,58
2019-11-12,55,55
2019-11-13,60,46
2019-11-14,47,48
2019-11-15,45,45
2019-11-16,39,42
2019-11-17,49,58
2019-11-18,53,59
2019-11-19,42,41
2019-11-20,52,50
2019-11-21,37,55
2019-11-22,42,45
2019-11-23,50,47
2019-11-24,56,59
2019-11-25,42,58
2019-11-26,35,39
2019-11-27,43,49
2019-11-28,56,62
2019-11-29,45,46
2019-11-30,56,33
2019-12-01,45,51
2019-12-02,37,55
2019-12-03,51,54
2019-12-04,52,49
2019-12-05,41,47
2019-12-06,51,42
2019-12-07,57,61
2019-12-08,50,50
2019-12-09,62,52
2019-12-10,57,52
2019-12-11,39,61
2019-12-12,44,48
2019-12-13,57,54
2019-12-14,54,48
2019-12-15,49,48
2019-12-16,62,53
2019-12-17,40,45
2019-12-18,48,54
2019-12-19,44,63
2019-12-20,47,46
2019-12-21,40,51
2019-12-22,47,50
2019-12-23,38,49
2019-12-24,49,51
2019-12-25,62,53
2019-12-26,50,45
2019-12-27,49,56
2019-12-28,42,44
2019-12-29,48,58
2019-12-30,50,45
2019-12-31,45,48
2020-01-01,43,34
2020-01-02,46,62
2020-01-03,39,49
2020-01-04,54,47
2020-01-05,37,53
2020-01-06,39,64
2020-01-07,51,51
2020-01-08,42,56
2020-01-09,43,56
2020-01-10,40,51
2020-01-11,39,53
2020-01-12,43,44
2020-01-13,41,54
2020-01-14,35,44
2020-01-15,42,52
2020-01-16,51,54
2020-01-17,50,40
2020-01-18,50,57
2020-01-19,60,71
2020-01-20,43,44
2020-01-21,57,45
2020-01-22,53,55
2020-01-23,54,41
2020-01-24,64,55
2020-01-25,45,52
2020-01-26,40,43
2020-01-27,53,49
2020-01-28,42,42
2020-01-29,43,50
2020-01-30,51,57
2020-01-31,58,53
2020-02-01,41,47
2020-02-02,57,51
2020-02-03,44,40
2020-02-04,55,56
2020-02-05,39,48
2020-02-06,60,48
2020-02-07,46,48
2020-02-08,39,45
2020-02-09,49,50
2020-02-10,45,39
2020-02-11,48,45
2020-02-12,64,35
2020-02-13,41,47
2020-02-14,50,59
2020-02-15,34,32
2020-02-16,48,40
2020-02-17,48,50
2020-02-18,56,60
2020-02-19,52,43
2020-02-20,40,53
2020-02-21,37,41
2020-02-22,55,53
2020-02-23,48,33
2020-02-24,56,47
2020-02-25,58,50
2020-02-26,44,53
2020-02-27,52,54
2020-02-28,51,46
2020-02-29,48,51
2020-03-01,49,59
2020-03-02,48,46
2020-03-03,57,61
2020-03-04,43,58
2020-03-05,37,43
2020-03-06,35,48
2020-03-07,46,41
2020-03-08,62,58
2020-03-09,48,52
2020-03-10,50,49
2020-03-11,45,37
2020-03-12,55,54
2020-03-13,51,46
2020-03-14,47,41
2020-03-15,50,50
2020-03-16,50,43
2020-03-17,43,43
2020-03-18,32,37
2020-03-19,50,59
2020-03-20,58,52
2020-03-21,43,51
2020-03-22,50,63
2020-03-23,45,59
2020-03-24,51,58
2020-03-25,51,54
2020-03-26,54,39
2020-03-27,56,46
2020-03-28,45,50
2020-03-29,53,41
2020-03-30,43,48
2020-03-31,53,69
2020-04-01,52,40
2020-04-02,55,37
2020-04-03,44,46
2020-04-04,46,56
2020-04-05,44,53
2020-04-06,51,49
2020-04-07,53,50
2020-04-08,48,40
2020-04-09,49,39
2020-04-10,53,54
2020-04-11,40,39
2020-04-12,51,48
2020-04-13,55,55
2020-04-14,35,47
2020-04-15,52,50
2020-04-16,42,40
2020-04-17,38,49
2020-04-18,54,53
2020-04-19,38,61
2020-04-20,58,48
2020-04-21,48,45
2020-04-22,39,49
2020-04-23,47,49
2020-04-24,47,40
2020-04-25,52,49
2020-04-26,58,36
2020-04-27,47,31
2020-04-28,54,48
2020-04-29,49,44
2020-04-30,48,46
2020-05-01,46,38
2020-05-02,47,48
2020-05-03,43,49
2020-05-04,44,52
2020-05-05,48,47
2020-05-06,47,54
2020-05-07,54,56
2020-05-08,58,45
2020-05-09,46,43
2020-05-10,52,39
2020-05-11,57,50
2020-05-12,48,48
2020-05-13,49,44
2020-05-14,57,49
2020-05-15,51,40
2020-05-16,39,44
2020-05-17,50,44
2020-05-18,51,52
2020-05-19,34,61
2020-05-20,44,44
2020-05-21,37,49
2020-05-22,46,61
2020-05-23,53,42
2020-05-24,43,62
2020-05-25,68,42
2020-05-26,52,52
2020-05-27,51,52
2020-05-28,48,42
2020-05-29,46,53
2020-05-30,51,46
2020-05-31,55,35
2020-06-01,56,51
2020-06-02,38,58
2020-06-03,50,50
2020-06-04,41,39
2020-06-05,45,55
2020-06-06,42,49
2020-06-07,35,56
2020-06-08,49,54
2020-06-09,61,47
2020-06-10,46,59
2020-06-11,51,46
2020-06-12,42,45
2020-06-13,43,39
2020-06-14,49,52
2020-06-15,38,59
2020-06-16,56,52
2020-06-17,48,44
2020-06-18,62,47
2020-06-19,50,52
2020-06-20,50,41
2020-06-21,44,46
2020-06-22,41,39
2020-06-23,59,37
2020-06-24,44,44
2020-06-25,46,40
2020-06-26,52,42
2020-06-27,50,48
2020-06-28,55,47
2020-06-29,40,49
2020-06-30,46,56
2020-07-01,59,54
2020-07-02,51,58
2020-07-03,51,54
2020-07-04,44,65
2020-07-05,44,48
2020-07-06,55,44
2020-07-07,44,49
2020-07-08,45,40
2020-07-09,50,59
2020-07-10,49,45
2020-07-11,48,44
2020-07-12,50,58
2020-07-13,30,44
2020-07-14,52,46
2020-07-15,55,53
2020-07-16,47,51
2020-07-17,46,51
2020-07-18,45,59
2020-07-19,52,63
2020-07-20,47,45
2020-07-21,46,47
2020-07-22,43,56
2020-07-23,42,45
2020-07-24,40,45
2020-07-25,45,56
2020-07-26,46,57
2020-07-27,47,57
2020-07-28,39,49
2020-07-29,55,52
2020-07-30,46,48
2020-07-31,44,39
2020-08-01,44,56
2020-08-02,42,41
2020-08-03,37,48
2020-08-04,47,51
2020-08-05,49,50
2020-08-06,48,56
2020-08-07,42,49
2020-08-08,47,52
2020-08-09,67,48
2020-08-10,46,53
2020-08-11,55,47
2020-08-12,46,57
2020-08-13,46,39
2020-08-14,45,39
2020-08-15,59,44
2020-08-16,61,38
2020-08-17,47,44
2020-08-18,42,65
2020-08-19,48,54
2020-08-20,31,44
2020-08-21,56,45
2020-08-22,42,40
2020-08-23,40,43
2020-08-24,53,48
2020-08-25,48,45
2020-08-26,55,56
2020-08-27,42,39
2020-08-28,57,47
2020-08-29,50,44
2020-08-30,41,55
2020-08-31,48,56
2020-09-01,37,44
2020-09-02,42,54
2020-09-03,32,40
2020-09-04,46,62
2020-09-05,48,44
2020-09-06,49,54
2020-09-07,38,47
2020-09-08,54,42
2020-09-09,51,60
2020-09-10,46,52
2020-09-11,38,46
2020-09-12,44,55
2020-09-13,52,46
2020-09-14,42,60
2020-09-15,52,57
2020-09-16,40,46
2020-09-17,37,42
2020-09-18,48,46
2020-09-19,43,40
2020-09-20,39,48
2020-09-21,45,60
2020-09-22,47,43
2020-09-23,61,55
2020-09-24,54,52
2020-09-25,49,54
2020-09-26,41,47
2020-09-27,59,40
2020-09-28,52,59
2020-09-29,53,51
2020-09-30,50,48
2020-10-01,59,42
2020-10-02,46,51
2020-10-03,60,66
2020-10-04,58,63
2020-10-05,54,60
2020-10-06,40,52
2020-10-07,32,40
2020-10-08,40,50
2020-10-09,47,50
2020-10-10,42,65
2020-10-11,57,49
2020-10-12,59,50
2020-10-13,47,52
2020-10-14,37,63
2020-10-15,49,43
2020-10-16,45,47
2020-10-17,44,39
2020-10-18,52,52
2020-10-19,57,51
2020-10-20,36,47
2020-10-21,51,59
2020-10-22,55,46
2020-10-23,38,44
2020-10-24,50,48
2020-10-25,57,48
2020-10-26,41,58
2020-10-27,55,45
2020-10-28,54,45
2020-10-29,52,50
2020-10-30,48,49
2020-10-31,50,46
2020-11-01,29,53
2020-11-02,49,38
2020-11-03,50,52
2020-11-04,49,47
2020-11-05,41,41
2020-11-06,35,51
2020-11-07,47,41
2020-11-08,52,59
2020-11-09,53,44
2020-11-10,50,37
2020-11-11,43,46
2020-11-12,45,62
2020-11-13,59,50
2020-11-14,32,33
2020-11-15,51,51
2020-11-16,38,51
2020-11-17,53,56
2020-11-18,41,61
2020-11-19,47,52
2020-11-20,58,47
2020-11-21,62,54
2020-11-22,39,48
2020-11-23,49,49
2020-11-24,48,31
2020-11-25,51,46
2020-11-26,42,49
2020-11-27,44,29
2020-11-28,38,45
2020-11-29,40,50
2020-11-30,60,60
2020-12-01,52,44
2020-12-02,42,32
2020-12-03,46,61
2020-12-04,54,42
2020-12-05,38,45
2020-12-06,53,50
2020-12-07,55,42
2020-12-08,43,52
2020-12-09,44,54
2020-12-10,46,58
2020-12-11,44,43
2020-12-12,54,39
2020-12-13,46,50
2020-12-14,43,39
2020-12-15,45,56
2020-12-16,47,44
2020-12-17,48,37
2020-12-18,54,33
2020-12-19,45,52
2020-12-20,55,43
2020-12-21,46,48
2020-12-22,38,44
2020-12-23,47,44
2020-12-24,50,53
2020-12-25,48,52
2020-12-26,61,50
2020-12-27,60,48
2020-12-28,54,47
2020-12-29,52,53
2020-12-30,48,50
2020-12-31,32,52
2021-01-01,52,53
2021-01-02,40,43
2021-01-03,42,55
2021-01-04,51,44
2021-01-05,47,40
2021-01-06,34,65
2021-01-07,45,51
2021-01-08,47,54
2021-01-09,47,44
2021-01-10,51,42
2021-01-11,42,70
2021-01-12,61,42
2021-01-13,57,56
2021-01-14,51,54
2021-01-15,42,40
2021-01-16,43,39
2021-01-17,66,66
2021-01-18,37,43
2021-01-19,48,39
2021-01-20,50,37
2021-01-21,43,54
2021-01-22,39,48
2021-01-23,58,51
2021-01-24,52,52
2021-01-25,46,56
2021-01-26,51,39
2021-01-27,36,38
2021-01-28,46,43
2021-01-29,48,40
2021-01-30,53,59
2021-01-31,57,50
2021-02-01,51,41
2021-02-02,40,54
2021-02-03,54,39
2021-02-04,58,38
2021-02-05,39,61
2021-02-06,61,41
2021-02-07,40,34
2021-02-08,49,25
2021-02-09,45,52
2021-02-10,47,54
2021-02-11,54,51
2021-02-12,50,44
2021-02-13,56,49
2021-02-14,54,49
2021-02-15,62,49
2021-02-16,39,47
2021-02-17,55,49
2021-02-18,53,51
2021-02-19,45,47
2021-02-20,46,42
2021-02-21,50,46
2021-02-22,50,45
2021-02-23,58,59
2021-02-24,41,60
2021-02-25,47,43
2021-02-26,52,42
2021-02-27,37,51
2021-02-28,56,54
2021-03-01,48,46
2021-03-02,49,42
2021-03-03,47,40
2021-03-04,42,48
2021-03-05,45,53
2021-03-06,48,50
2021-03-07,51,50
2021-03-08,59,49
2021-03-09,44,47
2021-03-10,52,35
2021-03-11,44,50
2021-03-12,49,44
2021-03-13,50,56
2021-03-14,51,53
2021-03-15,48,52
2021-03-16,50,55
2021-03-17,51,38
2021-03-18,55,44
2021-03-19,43,42
2021-03-20,47,48
2021-03-21,45,54
2021-03-22,51,38
2021-03-23,46,47
2021-03-24,39,46
2021-03-25,50,52
2021-03-26,44,38
2021-03-27,55,45
2021-03-28,51,38
2021-03-29,49,48
2021-03-30,45,49
2021-03-31,49,47
2021-04-01,50,51
2021-04-02,42,45
2021-04-03,55,49
2021-04-04,48,46
2021-04-05,49,44
2021-04-06,46,57
2021-04-07,38,49
2021-04-08,49,47
2021-04-09,40,61
2021-04-10,50,59
2021-04-11,31,47
2021-04-12,51,42
2021-04-13,46,51
2021-04-14,34,46
2021-04-15,47,46
2021-04-16,41,53
2021-04-17,45,55
2021-04-18,50,45
2021-04-19,39,53
2021-04-20,39,56
2021-04-21,48,52
2021-04-22,56,57
2021-04-23,53,52
2021-04-24,45,56
2021-04-25,45,52
2021-04-26,65,41
2021-04-27,45,49
2021-04-28,50,47
2021-04-29,43,54
2021-04-30,56,54
2021-05-01,51,42
2021-05-02,46,51
2021-05-03,51,46
2021-05-04,42,63
2021-05-05,47,44
2021-05-06,59,44
2021-05-07,49,40
2021-05-08,41,45
2021-05-09,58,48
2021-05-10,49,55
2021-05-11,47,48
2021-05-12,52,57
2021-05-13,38,61
2021-05-14,46,40
2021-05-15,42,56
2021-05-16,61,61
2021-05-17,39,65
2021-05-18,48,46
2021-05-19,43,55
2021-05-20,40,41
2021-05-21,38,55
2021-05-22,33,38
2021-05-23,55,58
2021-05-24,51,52
2021-05-25,52,37
2021-05-26,47,47
2021-05-27,56,53
2021-05-28,50,49
2021-05-29,48,57
2021-05-30,41,34
2021-05-31,47,44
2021-06-01,45,47
2021-06-02,58,49
2021-06-03,56,61
2021-06-04,52,45
2021-06-05,46,47
2021-06-06,47,46
2021-06-07,35,52
2021-06-08,35,43
2021-06-09,55,51
2021-06-10,58,51
2021-06-11,49,53
2021-06-12,49,44
2021-06-13,45,39
2021-06-14,43,49
2021-06-15,43,54
2021-06-16,53,51
2021-06-17,53,53
2021-06-18,36,47
2021-06-19,67,41
2021-06-20,46,64
2021-06-21,49,46
2021-06-22,42,61
2021-06-23,42,52
2021-06-24,54,50
2021-06-25,51,35
2021-06-26,43,43
2021-06-27,41,55
2021-06-28,35,55
2021-06-29,50,42
2021-06-30,46,41
2021-07-01,54,44
2021-07-02,36,45
2021-07-03,46,52
2021-07-04,60,55
2021-07-05,49,48
2021-07-06,39,45
2021-07-07,40,37
2021-07-08,47,44
2021-07-09,45,50
2021-07-10,52,48
2021-07-11,49,62
2021-07-12,58,41
2021-07-13,46,42
2021-07-14,49,51
2021-07-15,44,37
2021-07-16,50,55
2021-07-17,37,41
2021-07-18,56,46
2021-07-19,48,58
2021-07-20,44,44
2021-07-21,51,49
2021-07-22,60,51
2021-07-23,50,50
2021-07-24,53,53
2021-07-25,53,42
2021-07-26,40,57
2021-07-27,50,34
2021-07-28,48,54
2021-07-29,46,49
2021-07-30,51,52
2021-07-31,48,42
2021-08-01,54,56
2021-08-02,48,56
2021-08-03,42,42
2021-08-04,52,68
2021-08-05,41,48
2021-08-06,43,49
2021-08-07,63,42
2021-08-08,43,48
2021-08-09,41,51
2021-08-10,59,56
2021-08-11,59,55
2021-08-12,50,57
2021-08-13,55,48
2021-08-14,53,48
2021-08-15,59,54
2021-08-16,54,49
2021-08-17,45,52
2021-08-18,52,48
2021-08-19,52,57
2021-08-20,50,45
2021-08-21,44,40
2021-08-22,41,52
2021-08-23,54,53
2021-08-24,38,44
2021-08-25,54,49
2021-08-26,54,49
2021-08-27,48,52
2021-08-28,46,49
2021-08-29,51,73
2021-08-30,54,62
2021-08-31,46,45
2021-09-01,50,54
2021-09-02,45,51
2021-09-03,60,52
2021-09-04,59,42
2021-09-05,54,52
2021-09-06,52,45
2021-09-07,46,41
2021-09-08,41,60
2021-09-09,59,60
2021-09-10,38,52
2021-09-11,28,52
2021-09-12,59,55
2021-09-13,47,53
2021-09-14,42,47
2021-09-15,50,47
2021-09-16,50,58
2021-09-17,47,55
2021-09-18,49,38
2021-09-19,51,46
2021-09-20,54,61
2021-09-21,54,50
2021-09-22,46,56
2021-09-23,42,46
2021-09-24,49,37
2021-09-25,57,48
2021-09-26,54,49
2021-09-27,48,45
2021-09-28,51,47
2021-09-29,52,42
2021-09-30,30,52
2021-10-01,43,46
2021-10-02,51,44
2021-10-03,56,55
2021-10-04,49,55
2021-10-05,44,47
2021-10-06,50,51
2021-10-07,58,62
2021-10-08,52,47
2021-10-09,38,44
2021-10-10,45,51
2021-10-11,47,37
2021-10-12,53,39
2021-10-13,40,58
2021-10-14,52,45
2021-10-15,46,40
2021-10-16,46,42
2021-10-17,35,49
2021-10-18,46,49
2021-10-19,46,51
2021-10-20,41,44
2021-10-21,50,47
2021-10-22,51,36
2021-10-23,57,58
2021-10-24,53,51
2021-10-25,55,47
2021-10-26,49,50
2021-10-27,43,46
2021-10-28,46,42
2021-10-29,43,57
2021-10-30,46,52
2021-10-31,44,52
2021-11-01,56,50
2021-11-02,54,53
2021-11-03,44,39
2021-11-04,61,46
2021-11-05,39,55
2021-11-06,48,43
2021-11-07,43,58
2021-11-08,33,40
2021-11-09,57,47
2021-11-10,37,55
2021-11-11,42,35
2021-11-12,40,51
2021-11-13,44,48
2021-11-14,52,53
2021-11-15,41,48
2021-11-16,37,45
2021-11-17,45,43
2021-11-18,53,57
2021-11-19,54,51
2021-11-20,50,50
2021-11-21,41,59
2021-11-22,49,60
2021-11-23,60,58
2021-11-24,43,43
2021-11-25,49,49
2021-11-26,52,48
2021-11-27,50,42
2021-11-28,62,52
2021-11-29,51,50
2021-11-30,48,43
2021-12-01,53,42
2021-12-02,59,52
2021-12-03,44,37
2021-12-04,47,56
2021-12-05,40,58
2021-12-06,46,38
2021-12-07,45,65
2021-12-08,51,31
2021-12-09,53,36
2021-12-10,39,50
2021-12-11,45,51
2021-12-12,63,38
2021-12-13,40,44
2021-12-14,46,55
2021-12-15,46,48
2021-12-16,51,59
2021-12-17,57,49
2021-12-18,57,43
2021-12-19,43,51
2021-12-20,48,59
2021-12-21,46,46
2021-12-22,48,52
2021-12-23,52,45
2021-12-24,57,40
2021-12-25,54,55
2021-12-26,42,63
2021-12-27,46,41
2021-12-28,38,68
2021-12-29,51,44
2021-12-30,54,58
2021-12-31,63,45
2022-01-01,39,39
2022-01-02,62,48
2022-01-03,55,33
2022-01-04,46,56
2022-01-05,54,44
2022-01-06,52,46
2022-01-07,44,52
2022-01-08,61,52
2022-01-09,57,48
2022-01-10,60,50
2022-01-11,41,39
2022-01-12,51,54
2022-01-13,47,54
2022-01-14,47,61
2022-01-15,48,55
2022-01-16,50,61
2022-01-17,51,46
2022-01-18,49,51
2022-01-19,47,43
2022-01-20,44,44
2022-01-21,56,54
2022-01-22,46,45
2022-01-23,63,57
2022-01-24,52,45
2022-01-25,47,37
2022-01-26,38,60
2022-01-27,50,57
2022-01-28,60,60
2022-01-29,48,50
2022-01-30,44,58
2022-01-31,49,52
2022-02-01,53,47
2022-02-02,61,61
2022-02-03,56,38
2022-02-04,48,42
2022-02-05,44,36
2022-02-06,53,54
2022-02-07,47,47
2022-02-08,57,51
2022-02-09,46,42
2022-02-10,47,60
2022-02-11,56,43
2022-02-12,64,57
2022-02-13,44,43
2022-02-14,46,53
2022-02-15,49,43
2022-02-16,48,42
2022-02-17,53,58
2022-02-18,56,48
2022-02-19,49,49
2022-02-20,35,42
2022-02-21,45,29
2022-02-22,48,48
2022-02-23,48,41
2022-02-24,60,45
2022-02-25,52,52
2022-02-26,35,61
2022-02-27,40,35
2022-02-28,48,40
2022-03-01,46,36
2022-03-02,46,50
2022-03-03,43,53
2022-03-04,54,44
2022-03-05,43,59
2022-03-06,44,38
2022-03-07,45,46
2022-03-08,56,52
2022-03-09,59,50
2022-03-10,46,39
2022-03-11,49,36
2022-03-12,63,48
2022-03-13,43,53
2022-03-14,52,51
2022-03-15,48,52
2022-03-16,48,51
2022-03-17,50,63
2022-03-18,46,46
2022-03-19,39,47
2022-03-20,52,48
2022-03-21,49,50
2022-03-22,46,48
2022-03-23,52,55
2022-03-24,53,60
2022-03-25,41,50
2022-03-26,44,48
2022-03-27,37,49
2022-03-28,56,54
2022-03-29,51,57
2022-03-30,47,47
2022-03-31,50,52
2022-04-01,42,46
2022-04-02,49,37
2022-04-03,36,47
2022-04-04,44,61
2022-04-05,50,46
2022-04-06,54,53
2022-04-07,54,47
2022-04-08,35,51
2022-04-09,40,53
2022-04-10,51,52
2022-04-11,58,45
2022-04-12,55,51
2022-04-13,51,48
2022-04-14,48,58
2022-04-15,55,53
2022-04-16,50,44
2022-04-17,59,52
2022-04-18,44,54
2022-04-19,44,46
2022-04-20,56,56
2022-04-21,48,51
2022-04-22,47,46
2022-04-23,57,54
2022-04-24,46,46
2022-04-25,32,52
2022-04-26,48,57
2022-04-27,48,64
2022-04-28,47,46
2022-04-29,54,50
2022-04-30,47,46
2022-05-01,44,49
2022-05-02,48,45
2022-05-03,51,56
2022-05-04,58,46
2022-05-05,50,46
2022-05-06,57,53
2022-05-07,52,54
2022-05-08,46,44
2022-05-09,57,39
2022-05-10,37,42
2022-05-11,58,47
2022-05-12,45,59
2022-05-13,49,49
2022-05-14,53,49
2022-05-15,43,46
2022-05-16,39,58
2022-05-17,65,52
2022-05-18,39,50
2022-05-19,45,52
2022-05-20,37,40
2022-05-21,47,40
2022-05-22,42,48
2022-05-23,43,43
2022-05-24,41,58
2022-05-25,56,53
2022-05-26,41,40
2022-05-27,41,47
2022-05-28,56,48
2022-05-29,50,51
2022-05-30,40,59
2022-05-31,38,49
2022-06-01,48,55
2022-06-02,49,54
2022-06-03,55,49
2022-06-04,30,49
2022-06-05,39,43
2022-06-06,43,52
2022-06-07,44,47
2022-06-08,56,32
2022-06-09,42,47
2022-06-10,45,52
2022-06-11,48,52
2022-06-12,48,39
2022-06-13,43,39
2022-06-14,47,46
2022-06-15,52,56
2022-06-16,42,60
2022-06-17,55,49
2022-06-18,41,46
2022-06-19,48,43
2022-06-20,46,52
2022-06-21,47,57
2022-06-22,48,47
2022-06-23,52,59
2022-06-24,47,54
2022-06-25,64,46
2022-06-26,54,55
2022-06-27,41,38
2022-06-28,44,49
2022-06-29,45,41
2022-06-30,42,34
2022-07-01,56,37
2022-07-02,51,46
2022-07-03,29,55
2022-07-04,45,57
2022-07-05,51,40
2022-07-06,54,40
2022-07-07,49,59
2022-07-08,46,53
2022-07-09,47,59
2022-07-10,58,61
2022-07-11,54,42
2022-07-12,35,51
2022-07-13,48,49
2022-07-14,51,49
2022-07-15,38,54
2022-07-16,56,48
2022-07-17,55,43
2022-07-18,54,69
2022-07-19,51,44
2022-07-20,39,48
2022-07-21,44,33
2022-07-22,46,43
2022-07-23,46,49
2022-07-24,45,53
2022-07-25,53,39
2022-07-26,48,55
2022-07-27,44,43
2022-07-28,51,52
2022-07-29,40,50
2022-07-30,41,65
2022-07-31,52,53
2022-08-01,51,57
2022-08-02,50,50
2022-08-03,38,41
2022-08-04,50,50
2022-08-05,49,48
2022-08-06,56,48
2022-08-07,53,54
2022-08-08,39,58
2022-08-09,45,49
2022-08-10,45,56
2022-08-11,52,52
2022-08-12,43,53
2022-08-13,52,50
2022-08-14,50,53
2022-08-15,48,51
2022-08-16,41,45
2022-08-17,45,70
2022-08-18,30,39
2022-08-19,40,64
2022-08-20,48,45
2022-08-21,57,47
2022-08-22,41,60
2022-08-23,49,54
2022-08-24,48,67
2022-08-25,48,56
2022-08-26,42,38
2022-08-27,53,55
2022-08-28,46,58
2022-08-29,47,53
2022-08-30,38,50
2022-08-31,56,42
2022-09-01,44,43
2022-09-02,63,54
2022-09-03,44,59
2022-09-04,48,59
2022-09-05,50,54
2022-09-06,60,44
2022-09-07,40,53
2022-09-08,55,45
2022-09-09,54,48
2022-09-10,53,52
2022-09-11,53,54
2022-09-12,43,44
2022-09-13,55,49
2022-09-14,40,54
2022-09-15,52,37
2022-09-16,52,54
2022-09-17,43,47
2022-09-18,63,44
2022-09-19,45,41
2022-09-20,48,62
2022-09-21,45,49
2022-09-22,46,45
2022-09-23,44,54
2022-09-24,61,54
2022-09-25,32,41
2022-09-26,50,50
2022-09-27,43,44
2022-09-28,59,49
2022-09-29,36,43
2022-09-30,48,44
2022-10-01,30,45
2022-10-02,46,44
2022-10-03,44,52
2022-10-04,43,44
2022-10-05,47,40
2022-10-06,51,41
2022-10-07,57,46
2022-10-08,44,47
2022-10-09,61,46
2022-10-10,40,62
2022-10-11,49,56
2022-10-12,45,47
2022-10-13,45,50
2022-10-14,43,58
2022-10-15,50,37
2022-10-16,46,60
2022-10-17,62,54
2022-10-18,52,43
2022-10-19,44,53
2022-10-20,53,49
2022-10-21,43,51
2022-10-22,50,55
2022-10-23,35,52
2022-10-24,42,59
2022-10-25,64,61
2022-10-26,51,42
2022-10-27,41,51
2022-10-28,45,44
2022-10-29,39,46
2022-10-30,38,53
2022-10-31,53,57
2022-11-01,30,46
2022-11-02,54,51
2022-11-03,56,53
2022-11-04,44,48
2022-11-05,34,54
2022-11-06,57,58
2022-11-07,48,53
2022-11-08,49,49
2022-11-09,42,57
2022-11-10,46,46
2022-11-11,50,45
2022-11-12,52,52
2022-11-13,40,56
2022-11-14,55,48
2022-11-15,65,42
2022-11-16,53,54
2022-11-17,56,49
2022-11-18,52,55
2022-11-19,38,55
2022-11-20,50,43
2022-11-21,47,57
2022-11-22,53,48
2022-11-23,43,41
2022-11-24,49,40
2022-11-25,37,48
2022-11-26,44,51
2022-11-27,44,57
2022-11-28,53,50
2022-11-29,49,46
2022-11-30,57,39
2022-12-01,51,47
2022-12-02,50,42
2022-12-03,67,43
2022-12-04,50,66
2022-12-05,58,31
2022-12-06,41,45
2022-12-07,50,48
2022-12-08,57,58
2022-12-09,50,63
2022-12-10,53,47
2022-12-11,33,48
2022-12-12,38,48
2022-12-13,55,47
2022-12-14,50,57
2022-12-15,60,64
2022-12-16,55,50
2022-12-17,63,36
2022-12-18,48,35
2022-12-19,47,38
2022-12-20,44,44
2022-12-21,47,48
2022-12-22,49,57
2022-12-23,39,52
2022-12-24,38,53
2022-12-25,42,56
2022-12-26,48,47
2022-12-27,53,49
2022-12-28,50,46
2022-12-29,51,44
2022-12-30,35,53
2022-12-31,44,43
2023-01-01,47,48
2023-01-02,47,39
2023-01-03,49,44
2023-01-04,59,57
2023-01-05,53,54
2023-01-06,50,42
2023-01-07,49,57
2023-01-08,48,37
2023-01-09,44,62
2023-01-10,49,55
2023-01-11,57,55
2023-01-12,43,46
2023-01-13,54,51
2023-01-14,37,38
2023-01-15,46,51
2023-01-16,53,63
2023-01-17,40,43
2023-01-18,40,35
2023-01-19,54,45
2023-01-20,46,45
2023-01-21,45,42
2023-01-22,45,37
2023-01-23,53,45
2023-01-24,55,51
2023-01-25,42,59
2023-01-26,58,59
2023-01-27,55,38
2023-01-28,47,46
2023-01-29,40,48
2023-01-30,48,55
2023-01-31,53,54
2023-02-01,56,49
2023-02-02,45,55
2023-02-03,43,47
2023-02-04,52,43
2023-02-05,46,53
2023-02-06,42,39
2023-02-07,42,45
2023-02-08,61,44
2023-02-09,43,52
2023-02-10,44,45
2023-02-11,51,46
2023-02-12,48,52
2023-02-13,49,50
2023-02-14,44,44
2023-02-15,45,55
2023-02-16,36,58
2023-02-17,55,49
2023-02-18,42,53
2023-02-19,62,64
2023-02-20,49,65
2023-02-21,54,42
2023-02-22,37,49
2023-02-23,65,41
2023-02-24,53,54
2023-02-25,39,36
2023-02-26,41,44
2023-02-27,41,55
2023-02-28,45,55
2023-03-01,47,43
2023-03-02,49,43
2023-03-03,51,40
2023-03-04,42,45
2023-03-05,41,49
2023-03-06,44,50
2023-03-07,37,53
2023-03-08,52,45
2023-03-09,45,62
2023-03-10,42,40
2023-03-11,62,50
2023-03-12,49,48
2023-03-13,52,54
2023-03-14,34,47
2023-03-15,41,50
2023-03-16,44,55
2023-03-17,40,38
2023-03-18,52,50
2023-03-19,46,56
2023-03-20,52,45
2023-03-21,53,43
2023-03-22,59,48
2023-03-23,53,54
2023-03-24,53,51
2023-03-25,43,56
2023-03-26,47,47
2023-03-27,41,44
2023-03-28,49,45
2023-03-29,42,59
2023-03-30,34,53
2023-03-31,56,47
2023-04-01,51,33
2023-04-02,53,52
2023-04-03,49,58
2023-04-04,43,53
2023-04-05,50,43
2023-04-06,54,49
2023-04-07,46,67
2023-04-08,38,50
2023-04-09,57,50
2023-04-10,43,39
2023-04-11,43,50
2023-04-12,42,41
2023-04-13,46,54
2023-04-14,45,56
2023-04-15,42,54
2023-04-16,50,45
2023-04-17,43,51
2023-04-18,40,44
2023-04-19,52,49
2023-04-20,38,45
2023-04-21,56,55
2023-04-22,44,59
2023-04-23,51,55
2023-04-24,40,53
2023-04-25,51,52
2023-04-26,49,54
2023-04-27,53,53
2023-04-28,46,53
2023-04-29,46,54
2023-04-30,51,57
2023-05-01,47,49
2023-05-02,43,52
2023-05-03,43,48
2023-05-04,45,48
2023-05-05,45,64
2023-05-06,47,46
2023-05-07,44,46
2023-05-08,43,50
2023-05-09,51,44
2023-05-10,54,52
2023-05-11,49,39
2023-05-12,47,52
2023-05-13,49,44
2023-05-14,49,47
2023-05-15,49,54
2023-05-16,40,60
2023-05-17,65,63
2023-05-18,58,43
2023-05-19,65,49
2023-05-20,42,48
2023-05-21,39,43
2023-05-22,51,37
2023-05-23,47,66
2023-05-24,44,51
2023-05-25,45,68
2023-05-26,51,49
2023-05-27,50,51
2023-05-28,49,40
2023-05-29,48,45
2023-05-30,35,52
2023-05-31,54,50
2023-06-01,48,44
2023-06-02,52,59
2023-06-03,43,53
2023-06-04,44,58
2023-06-05,42,47
2023-06-06,37,56
2023-06-07,42,49
2023-06-08,58,53
2023-06-09,42,56
2023-06-10,36,41
2023-06-11,49,42
2023-06-12,42,49
2023-06-13,48,42
2023-06-14,46,52
2023-06-15,48,47
2023-06-16,42,54
2023-06-17,37,51
2023-06-18,39,40
2023-06-19,60,46
2023-06-20,51,42
2023-06-21,46,43
2023-06-22,43,50
2023-06-23,44,42
2023-06-24,58,55
2023-06-25,37,53
2023-06-26,53,43
2023-06-27,54,48
2023-06-28,45,38
2023-06-29,57,61
2023-06-30,36,46
2023-07-01,60,65
2023-07-02,44,52
2023-07-03,42,47
2023-07-04,41,47
2023-07-05,58,55
2023-07-06,40,39
2023-07-07,41,36
2023-07-08,37,45
2023-07-09,60,43
2023-07-10,55,37
2023-07-11,42,57
2023-07-12,45,44
2023-07-13,48,47
2023-07-14,39,51
2023-07-15,61,50
2023-07-16,43,47
2023-07-17,49,57
2023-07-18,58,48
2023-07-19,42,52
2023-07-20,37,50
2023-07-21,49,51
2023-07-22,56,40
2023-07-23,41,50
2023-07-24,43,48
2023-07-25,47,61
2023-07-26,55,44
2023-07-27,43,45
2023-07-28,43,55
2023-07-29,37,38
2023-07-30,66,50
2023-07-31,57,40
2023-08-01,46,51
2023-08-02,33,48
2023-08-03,38,41
2023-08-04,46,45
2023-08-05,50,38
2023-08-06,46,46
2023-08-07,58,48
2023-08-08,45,37
2023-08-09,43,54
2023-08-10,44,53
2023-08-11,42,47
2023-08-12,50,58
2023-08-13,42,53
2023-08-14,61,45
2023-08-15,43,52
2023-08-16,50,52
2023-08-17,46,44
2023-08-18,49,53
2023-08-19,51,57
2023-08-20,54,44
2023-08-21,48,41
2023-08-22,50,49
2023-08-23,36,45
2023-08-24,43,59
2023-08-25,56,49
2023-08-26,54,51
2023-08-27,56,47
2023-08-28,42,47
2023-08-29,48,36
2023-08-30,41,60
2023-08-31,52,45
2023-09-01,66,47
2023-09-02,44,40
2023-09-03,44,52
2023-09-04,48,58
2023-09-05,52,52
2023-09-06,29,41
2023-09-07,44,43
2023-09-08,47,49
2023-09-09,51,57
2023-09-10,63,53
2023-09-11,58,57
2023-09-12,63,45
2023-09-13,51,50
2023-09-14,50,40
2023-09-15,35,47
2023-09-16,52,54
2023-09-17,45,44
2023-09-18,49,55
2023-09-19,47,46
2023-09-20,51,59
2023-09-21,53,48
2023-09-22,50,56
2023-09-23,54,50
2023-09-24,48,61
2023-09-25,44,66
2023-09-26,43,49
2023-09-27,42,54
2023-09-28,44,49
2023-09-29,53,49
2023-09-30,53,45
2023-10-01,47,53
2023-10-02,45,49
2023-10-03,68,50
2023-10-04,40,51
2023-10-05,57,63
2023-10-06,47,54
2023-10-07,47,50
2023-10-08,38,39
2023-10-09,43,44
2023-10-10,36,46
2023-10-11,56,58
2023-10-12,40,57
2023-10-13,45,40
2023-10-14,65,49
2023-10-15,31,34
2023-10-16,46,54
2023-10-17,43,47
2023-10-18,43,50
2023-10-19,49,47
2023-10-20,49,56
2023-10-21,50,55
2023-10-22,43,51
2023-10-23,60,46
2023-10-24,50,53
2023-10-25,50,61
2023-10-26,49,39
2023-10-27,36,46
2023-10-28,58,50
2023-10-29,45,38
2023-10-30,45,39
2023-10-31,43,47
2023-11-01,49,54
2023-11-02,46,63
2023-11-03,41,49
2023-11-04,43,45
2023-11-05,47,55
2023-11-06,49,51
2023-11-07,49,44
2023-11-08,39,45
2023-11-09,44,48
2023-11-10,49,62
2023-11-11,46,49
2023-11-12,39,60
2023-11-13,49,60
2023-11-14,43,50
2023-11-15,50,61
2023-11-16,44,48
2023-11-17,60,50
2023-11-18,51,52
2023-11-19,43,50
2023-11-20,49,43
2023-11-21,44,46
2023-11-22,48,59
2023-11-23,46,44
2023-11-24,67,56
2023-11-25,52,51
2023-11-26,53,44
2023-11-27,52,59
2023-11-28,59,47
2023-11-29,58,54
2023-11-30,41,54
2023-12-01,52,55
2023-12-02,40,47
2023-12-03,50,49
2023-12-04,54,41
2023-12-05,57,53
2023-12-06,59,47
2023-12-07,48,56
2023-12-08,47,39
2023-12-09,34,54
2023-12-10,49,57
2023-12-11,41,54
2023-12-12,48,48
2023-12-13,58,50
2023-12-14,43,56
2023-12-15,45,51
2023-12-16,44,53
2023-12-17,52,34
2023-12-18,62,51
2023-12-19,64,49
2023-12-20,41,54
2023-12-21,39,38
2023-12-22,45,63
2023-12-23,47,60
2023-12-24,45,54
2023-12-25,50,56
2023-12-26,41,49
2023-12-27,42,63
2023-12-28,36,40
2023-12-29,39,46
2023-12-30,54,50
2023-12-31,52,48
2024-01-01,47,55
2024-01-02,30,42
2024-01-03,45,49
2024-01-04,61,50
2024-01-05,41,35
2024-01-06,54,58
2024-01-07,40,50
2024-01-08,55,55
2024-01-09,50,53
2024-01-10,47,46
2024-01-11,34,44
2024-01-12,41,63
2024-01-13,51,46
2024-01-14,53,44
2024-01-15,51,49
2024-01-16,48,51
2024-01-17,50,42
2024-01-18,38,40
2024-01-19,42,36
2024-01-20,48,59
2024-01-21,38,43
2024-01-22,41,60
2024-01-23,47,53
2024-01-24,54,39
2024-01-25,63,48
2024-01-26,41,53
2024-01-27,49,53
2024-01-28,44,55
2024-01-29,46,56
2024-01-30,46,51
2024-01-31,39,64
2024-02-01,44,54
2024-02-02,54,51
2024-02-03,43,55
2024-02-04,61,50
2024-02-05,51,57
2024-02-06,39,63
2024-02-07,50,37
2024-02-08,48,52
2024-02-09,51,59
2024-02-10,43,52
2024-02-11,40,51
2024-02-12,40,53
2024-02-13,48,58
2024-02-14,38,52
2024-02-15,46,56
2024-02-16,50,48
2024-02-17,48,47
2024-02-18,37,57
2024-02-19,48,48
2024-02-20,47,52
2024-02-21,43,50
2024-02-22,52,30
2024-02-23,43,57
2024-02-24,45,48
2024-02-25,42,44
2024-02-26,50,47
2024-02-27,44,55
2024-02-28,49,65
2024-02-29,44,52
2024-03-01,43,44
2024-03-02,45,62
2024-03-03,56,54
2024-03-04,56,48
2024-03-05,56,45
2024-03-06,46,53
2024-03-07,52,31
2024-03-08,47,51
2024-03-09,35,50
2024-03-10,46,44
2024-03-11,59,44
2024-03-12,55,54
2024-03-13,43,47
2024-03-14,38,38
2024-03-15,53,53
2024-03-16,50,37
2024-03-17,43,49
2024-03-18,45,51
2024-03-19,45,50
2024-03-20,61,48
2024-03-21,61,33
2024-03-22,59,65
2024-03-23,42,50
2024-03-24,49,50
2024-03-25,39,37
2024-03-26,42,49
2024-03-27,58,54
2024-03-28,50,57
2024-03-29,52,39
2024-03-30,44,37
2024-03-31,55,46
2024-04-01,58,40
2024-04-02,49,68
2024-04-03,51,35
2024-04-04,43,42
2024-04-05,39,43
2024-04-06,36,55
2024-04-07,49,48
2024-04-08,40,50
2024-04-09,45,55
2024-04-10,63,47
2024-04-11,52,51
2024-04-12,60,45
2024-04-13,40,52
2024-04-14,55,48
2024-04-15,62,37
2024-04-16,53,51
2024-04-17,41,44
2024-04-18,41,59
2024-04-19,46,50
2024-04-20,38,51
2024-04-21,42,51
2024-04-22,53,38
2024-04-23,59,51
2024-04-24,52,39
2024-04-25,49,48
2024-04-26,57,43
2024-04-27,54,53
2024-04-28,38,39
2024-04-29,48,44
2024-04-30,43,40
2024-05-01,50,50
2024-05-02,46,45
2024-05-03,39,42
2024-05-04,38,49
2024-05-05,46,60
2024-05-06,42,63
2024-05-07,45,31
2024-05-08,34,39
2024-05-09,68,44
2024-05-10,56,49
2024-05-11,51,53
2024-05-12,52,45
2024-05-13,46,43
2024-05-14,44,50
2024-05-15,32,55
2024-05-16,48,47
2024-05-17,54,45
2024-05-18,37,47
2024-05-19,45,50
2024-05-20,48,52
2024-05-21,49,44
2024-05-22,42,48
2024-05-23,45,41
2024-05-24,55,48
2024-05-25,57,35
2024-05-26,44,47
2024-05-27,52,46
2024-05-28,47,44
2024-05-29,36,45
2024-05-30,52,49
2024-05-31,54,45
2024-06-01,41,51
2024-06-02,43,39
2024-06-03,37,44
2024-06-04,38,55
2024-06-05,55,46
2024-06-06,54,36
2024-06-07,52,65
2024-06-08,50,44
2024-06-09,53,34
2024-06-10,57,61
2024-06-11,45,46
2024-06-12,50,48
2024-06-13,43,49
2024-06-14,49,43
2024-06-15,37,48
2024-06-16,46,47
2024-06-17,44,50
2024-06-18,40,48
2024-06-19,55,50
2024-06-20,36,46
2024-06-21,28,54
2024-06-22,47,54
2024-06-23,58,37
2024-06-24,55,49
2024-06-25,37,53
2024-06-26,66,39
2024-06-27,40,50
2024-06-28,43,54
2024-06-29,56,41
2024-06-30,42,59
2024-07-01,45,53
2024-07-02,53,56
2024-07-03,35,52
2024-07-04,55,41
2024-07-05,62,56
2024-07-06,39,39
2024-07-07,52,49
2024-07-08,52,50
2024-07-09,43,54
2024-07-10,36,61
2024-07-11,43,49
2024-07-12,53,51
2024-07-13,42,55
2024-07-14,44,41
2024-07-15,47,46
2024-07-16,61,49
2024-07-17,53,51
2024-07-18,39,54
2024-07-19,55,53
2024-07-20,50,55
2024-07-21,52,54
2024-07-22,47,57
2024-07-23,58,55
2024-07-24,66,50
2024-07-25,61,44
2024-07-26,47,50
2024-07-27,57,44
2024-07-28,42,46
2024-07-29,46,50
2024-07-30,43,69
2024-07-31,44,50
2024-08-01,34,40
2024-08-02,54,47
2024-08-03,34,51
2024-08-04,33,45
2024-08-05,35,42
2024-08-06,36,42
2024-08-07,46,40
2024-08-08,38,54
2024-08-09,47,54
2024-08-10,42,51
2024-08-11,55,39
2024-08-12,41,40
2024-08-13,45,44
2024-08-14,48,47
2024-08-15,36,48
2024-08-16,57,50
2024-08-17,51,48
2024-08-18,50,49
2024-08-19,48,56
2024-08-20,43,51
2024-08-21,51,51
2024-08-22,38,46
2024-08-23,54,47
2024-08-24,45,62
2024-08-25,61,64
2024-08-26,58,55
2024-08-27,52,62
2024-08-28,65,51
2024-08-29,42,51
2024-08-30,48,47
2024-08-31,55,56
2024-09-01,44,32
2024-09-02,43,57
2024-09-03,34,53
2024-09-04,44,44
2024-09-05,48,51
2024-09-06,57,51
2024-09-07,37,44
2024-09-08,49,55
2024-09-09,51,48
2024-09-10,57,61
2024-09-11,57,54
2024-09-12,46,58
2024-09-13,52,45
2024-09-14,38,43
2024-09-15,44,54
2024-09-16,54,50
2024-09-17,69,52
2024-09-18,51,57
2024-09-19,61,50
2024-09-20,49,46
2024-09-21,46,55
2024-09-22,44,68
2024-09-23,39,58
2024-09-24,39,57
